Materials,Energy,Industrials,Consumer_Discretionary,Consumer_Staples,Health_Cares,Financials,Information_Technology,Communication_Services,Utilities,Real_Estate
AA,ACDC,AAON,AACG,ABEV,A,AAIC,AAOI,ADTH,AEE,AEI
ACNT,AESI,ABB,AAN,AFRI,AAC,AAME,AAPL,ADV,AEP,ALBT
ADES,ALPS,ABM,AAP,AGRO,AADI,AB,ABST,AMC,AGR,ARL
AEM,ALTO,ACA,ABG,AVO,ABBV,ABCB,ACIW,AMCX,ALE,ASPS
AG,AM,ACCO,ABNB,BGS,ABC,ABR,ACN,AMX,AQN,AXR
AGI,AMPY,ACHR,ACEL,BRCC,ABCL,AC,ADBE,ANGH,ARTNA,BEKE
ALB,AMTX,ACM,ADD,BRFH,ABCM,ACGL,ADEA,ANGI,ATO,CBRE
AMLI,APA,ACVA,ADT,BRFS,ABEO,ACNB,ADI,ANTE,AVA,CHCI
AMR,AR,ADN,AEO,BRID,ABIO,ACR,ADSK,ASST,AWK,CIGI
AMRS,ARCH,ADP,AFYA,BSFC,ABOS,ACRE,ADTN,ASTS,AWR,COMP
AP,AREC,ADSE,AGAE,BTI,ABSI,AEG,AEIS,ATEX,BIP,CWK
APD,ARLP,AEHL,AGS,BUD,ABT,AEL,AEVA,ATHM,BKH,DBRG
ARNC,AROC,AENZ,AIU,BYND,ABUS,AFBI,AEY,ATNI,CDZI,DOMA
ASH,ASC,AER,AKA,CAG,ABVC,AFCG,AEYE,ATUS,CEG,DOUG
ASIX,BKR,AGCO,ALLG,CALM,ACAD,AFG,AGIL,ATVI,CMS,EXPI
ASPI,BNMV,AGFY,AMST,CCU,ACB,AFL,AGYS,AUD,CNP,FLJ
ASPN,BOOM,AGX,AN,CENT,ACCD,AGMH,AHI,BAND,CPK,FOR
ASTL,BORR,AIR,ANF,CENTA,ACER,AGNC,AI,BAOS,CWCO,FPH
ATI,BP,AIRT,AOUT,CHD,ACET,AGO,AIP,BATRA,CWT,FRPH
ATLX,BPT,AIT,APEI,CL,ACGN,AIG,AIRG,BATRK,D,FSV
AU,BROG,AJRD,AQU,CLX,ACHC,AIHS,AIXI,BBGI,DTE,FTHM
AVD,BRY,AL,ARCE,CPB,ACHL,AIZ,AKAM,BBIG,DUK,GGE
AVNT,BSM,ALIT,ARCO,CVGW,ACHV,AJG,AKTS,BCE,EBR,GYRO
AXTA,BTE,ALLE,ARHS,DEO,ACIU,AJX,ALAR,BHAT,ED,HHC
BAK,BTU,ALTG,ARKO,DOLE,ACLX,ALL,ALGM,BIDU,EDN,HOUS
BCPC,CAPL,AME,ARKR,EAST,ACON,ALLY,ALKT,BILI,EIX,INTG
BHP,CCJ,AMOT,ARMK,ENR,ACOR,ALTI,ALLT,BMBL,ENIC,IRS
BIOX,CCLP,AMPX,ARVL,FAMI,ACRS,AMAL,ALOT,BOC,ES,JLL
BON,CEIX,AMRC,ASCA,FARM,ACRV,AMBC,ALPP,BREA,ETR,JOE
BRD,CEQP,AMSC,ATAT,FLO,ACRX,AMG,ALRM,BZ,EVRG,KW
BVN,CHK,AMWD,ATER,FREE,ACST,AMK,ALTR,BZFD,EXC,LEJU
CBT,CHRD,AOS,ATGE,FRPT,ACXP,AMNB,ALYA,CABO,FE,LUXH
CC,CHX,APG,AYRO,GIS,ADAG,AMP,AMBA,CARG,FTS,MAYS
CDE,CIVI,APOG,AZO,HAIN,ADAP,AMSF,AMD,CARS,GNE,MDJH
CE,CLB,APWC,BALY,HPCO,ADCT,AMTB,AMPG,CCO,GWRS,MLP
CENX,CLCO,AQMS,BBBY,HRL,ADIL,AMTD,AMPL,CCOI,HE,MMI
CF,CLMT,ARC,BBY,HSY,ADMA,AOMR,AMSWA,CDLX,IDA,NMRK
CGA,CLNE,AREB,BC,IBA,ADMP,AON,ANET,CHT,KEP,ONYX
CGAU,CNQ,ARIS,BEDU,JBSS,ADPT,APAM,ANSS,CHTR,LNT,OPAD
CHNR,CNX,ARRY,BFAM,JJSF,ADTX,ARCC,ANY,CIDM,MGEE,OPEN
CLF,COP,ARTW,BFI,JVA,ADUS,ARES,AOSL,CMCSA,MSEX,RDFN
CLW,CPE,ASGN,BH,K,ADVM,ARGO,APH,CMLS,NEE,REAX
CMC,CPG,ASLE,BIRD,KHC,ADXN,ARI,API,CNET,NFG,RFL
CMP,CRC,ASR,BJRI,KMB,AEMD,AROW,APLD,CNK,NGG,RMAX
CNEY,CRGY,ASTR,BKE,LANC,AEZS,ARR,APP,CNSL,NI,RMR
CPAC,CRK,ATIF,BKNG,LFCR,AFIB,ASB,APPF,CPOP,NJR,SFR
CRH,CRT,ATKR,BLD,LW,AFMD,ASRV,APPN,CREX,NRG,SRG
CRKN,CSAN,ATRO,BLMN,LWAY,AGAC,ATLC,APPS,CRGE,NWE,STRS
CRS,CTRA,ATSG,BODY,MDLZ,AGEN,ATLO,ARBE,CRTO,NWN,SYT
CSTM,CVE,ATXG,BOOT,MGPI,AGIO,AUB,ARBK,CSSE,OGE,TCI
CTVA,CVI,AUR,BOWL,MKC,AGL,AUBN,ARLO,CTV,OGS,TCN
CX,CVX,AUVI,BRAG,MLEC,AGLE,AVAL,ARQQ,CUEN,OTTR,TRC
DD,DCP,AVAV,BROS,MMMB,AGRX,AVTA,ARW,CURI,PAM,UK
DNA,DEN,AWI,BSET,MO,AGTI,AX,ASAN,DALN,PCG,WE
DNMR,DHT,AWIN,BTBD,NAPA,AHCO,AXP,ASNS,DDI,PCYO,XIN
DOW,DINO,AXON,BURL,NOMD,AHG,AXS,ASTC,DHX,PEG,Z
DRD,DK,AYI,BVH,NUZE,AIH,BAC,ASTI,DIS,PNM,ZG
DSEY,DKL,AZ,BWMX,ODC,AIMD,BAFN,ASUR,DISH,PNW,
EAC,DLNG,AZEK,BYD,OTLY,AIRS,BAM,ASX,DJCO,POR,
ECL,DMLP,AZZ,BZH,PACI,AKAN,BANC,ATEN,DLPN,PPL,
ECVT,DO,BA,CAKE,PETZ,AKBA,BANF,AUDC,DMS,RGCO,
EGO,DRQ,BAER,CAL,PG,AKLI,BANR,AUID,DNAD,SBS,
ELBM,DTM,BAH,CANG,PM,AKRO,BANX,AUUD,DOYU,SGU,
EMN,DVN,BBCP,CATO,POST,AKTX,BAP,AVGO,DRCT,SJW,
ERO,DWSN,BBSI,CBRL,PPC,AKU,BBAR,AVID,DUO,SO,
ESI,E,BBU,CCL,REYN,AKYA,BBDC,AVNW,EA,SPH,
EXK,EC,BCC,CCS,RGF,ALC,BBDO,AVPT,EB,SR,
EXP,EE,BCO,CDRO,RIBT,ALDX,BBVA,AVT,EDR,SRE,
FCX,EFXT,BE,CENN,RLX,ALEC,BCBP,AWRE,EEX,SWX,
FEAM,EGY,BECN,CHDN,RMCF,ALGN,BCH,AYX,EGLX,UGI,
FF,ENB,BEEM,CHGG,SAM,ALGS,BCML,AZPN,EVC,UTL,
FMC,ENG,BEST,CHH,SENEA,ALHC,BCOW,BASE,EVER,VIA,
FNV,ENLC,BGSF,CHS,SJM,ALIM,BCS,BB,FAZE,VII,
FSM,EOG,BKSY,CHUY,SMPL,ALKS,BCSF,BBAI,FENG,WEC,
FTK,EPD,BLDP,CLAR,SNAX,ALLK,BEN,BCOV,FLNT,WTRG,
FUL,EPSN,BLDR,CLEU,SOVO,ALLO,BFC,BDC,FNGR,XEL,
GATO,EQNR,BLNK,CMG,SPB,ALLR,BFH,BELFA,FOX,YORW,
GFI,EQT,BNRG,CNTY,STKH,ALNY,BFIN,BELFB,FOXA,,
GGB,ERF,BRC,CNXA,STKL,ALPN,BFST,BHE,FUBO,,
GLT,ESTE,BV,COE,STZ,ALRN,BGCP,BIGC,FWONA,,
GOLD,ET,BW,COLM,TAP,ALT,BHF,BILL,FWONK,,
GSM,ETRN,BWC,CONN,THS,ALVO,BHG,BITF,FYBR,,
GURE,EURN,BWEN,COOK,TPB,ALVR,BHLB,BKI,GAIA,,
HAYN,EVA,BWMN,COUR,TR,ALXO,BK,BKYI,GAMB,,
HBM,EZFL,BWXT,CPHC,TSN,ALZN,BKCC,BL,GAME,,
HCC,FANG,BXC,CPRI,TTCF,AMAM,BKKT,BLBX,GCI,,
HL,FET,BYRN,CRCT,TWNK,AMED,BKSC,BLIN,GDEV,,
HMY,FLNG,CAAP,CRI,UTZ,AMEH,BKU,BLKB,GETY,,
HUDI,FRO,CACI,CRMT,UVV,AMGN,BLFY,BLND,GIGM,,
HUN,FTI,CAE,CROX,VGR,AMLX,BLK,BLZE,GMGI,,
HWKN,GASS,CARR,CRWS,VITL,AMN,BMA,BMI,GNUS,,
HYMC,GEL,CBAT,CSV,VWE,AMPH,BMO,BMR,GOGO,,
IAG,GEOS,CBZ,CTHR,WDFC,AMRN,BMRC,BNSO,GOOG,,
ICL,GEVO,CDRE,CTIB,WEST,AMRX,BN,BOSC,GOOGL,,
IFF,GIFI,CEAD,CTRN,WVVI,AMTI,BNRE,BOX,GRND,,
IOSP,GLNG,CECO,CUK,XXII,AMWL,BNS,BOXL,GROM,,
IPI,GLOP,CETY,CULP,,ANAB,BOH,BRQS,GRVY,,
IPX,GLP,CGRN,CURV,,ANEB,BOKF,BRZE,GSMG,,
JEWL,GPOR,CHPT,CVCO,,ANGN,BOTJ,BSQR,GTN,,
JHX,GPP,CHRW,CVNA,,ANGO,BPOP,BSY,HHS,,
KALU,GPRE,CLH,CWH,,ANIK,BPRN,BTBT,HUYA,,
KGC,GPRK,CLVT,CZOO,,ANIP,BRDG,BTCM,IAC,,
KOP,GRNT,CLWT,CZR,,ANIX,BRKL,BTCS,IAS,,
KRO,HAL,CMPR,DAO,,ANNX,BRMK,BTOG,ICLK,,
KWR,HEP,CNHI,DASH,,ANPC,BRO,CALX,IDT,,
LAC,HES,CNM,DBGI,,ANTX,BRP,CAMP,IH,,
LGO,HESM,CPRT,DBI,,ANVS,BRSP,CAN,IHRT,,
LIN,HHRS,CRAI,DECK,,AORT,BSAC,CASA,IHS,,
LITM,HLX,CREG,DENN,,APDN,BSBK,CCCS,IMAX,,
LOMA,HNRG,CRGO,DESP,,APGN,BSBR,CCRD,IPG,,
LOOP,HP,CSGP,DFH,,APLS,BSIG,CCSI,IQ,,
LPX,HPK,CSL,DHI,,APLT,BSMX,CD,IRDM,,
LTHM,ICD,CSTE,DIN,,APM,BSRR,CDAY,ISIG,,
LXU,IMPP,CSWI,DKNG,,APRE,BSVN,CDNS,IZEA,,
LYB,INSW,CTAS,DLTH,,APTO,BUSE,CDW,JFU,,
MATV,INT,CTOS,DNUT,,APTX,BWB,CETX,KBNT,,
MEOH,ISRL,CVEO,DOGZ,,APVO,BWFG,CEVA,KIND,,
MERC,KLXE,CW,DOOO,,APYX,BX,CFLT,KORE,,
METC,KMI,CWST,DPZ,,AQB,BXMT,CGNT,KRKR,,
MLM,KNOP,CXW,DRI,,AQST,BXSL,CGNX,KT,,
MOS,KNTK,DCFC,DTC,,ARAV,BY,CHKP,KUKE,,
MP,KOS,DCO,DUOL,,ARAY,BYFC,CIEN,LBRDA,,
MSB,KRP,DE,DXLG,,ARCT,C,CIFR,LBRDK,,
MT,LBRT,DFLI,DXYN,,ARDS,CAC,CINT,LBTYA,,
MTRN,LPG,DLHC,EAT,,ARDX,CACC,CISO,LBTYK,,
MTX,LTBR,DLX,EBET,,ARGX,CADE,CLBT,LEE,,
MUX,MARPS,DNB,EDTK,,ARQT,CALB,CLFD,LFLY,,
NB,MGY,DNOW,EDU,,ARTL,CARE,CLIR,LILA,,
NEM,MIND,DOOR,EDUC,,ARVN,CARV,CLMB,LILAK,,
NEU,MMLP,DPRO,EEIQ,,ARWR,CASH,CLPS,LIZI,,
NEXA,MMP,DRS,EJH,,ASLN,CATC,CLRO,LKCO,,
NGVT,MPC,DRTT,ELYS,,ASMB,CATY,CLS,LOV,,
NMG,MPLX,DRVN,EM,,ASND,CB,CLSK,LSXMA,,
NTIC,MRO,DSGR,ESCA,,ASRT,CBAN,CMBM,LSXMK,,
NTR,MTDR,DXPE,ETD,,ATAI,CBFV,CMCM,LTRPA,,
NUE,MTR,DY,EVGO,,ATEC,CBNK,CMPO,LTRPB,,
ODV,MUR,EAF,EVRI,,ATHA,CBSH,CMTL,LUMN,,
OEC,MVO,EBF,EVTV,,ATHE,CBU,CNXN,LVO,,
OLN,NAT,EFOI,EWCZ,,ATHX,CCAP,CODA,LYT,,
OR,NBR,EFX,EXPE,,ATIP,CCB,COHR,LYV,,
ORGN,NC,EH,EXPR,,ATNF,CCBG,COMM,MANU,,
PAAS,NCSM,EME,EZGO,,ATNX,CCNE,COMS,MAX,,
PCT,NE,EMR,F,,ATOS,CFB,CPSH,MCHX,,
PKX,NESR,ENS,FAT,,ATRA,CFBK,CPTN,MCS,,
PLL,NEX,ENVX,FATBB,,ATRC,CFFI,CRDO,META,,
PPG,NEXT,EOSE,FEDU,,ATRI,CFFN,CRM,MGAM,,
PPTA,NFE,EPOW,FFIE,,ATXI,CFG,CRNC,MGNI,,
PRM,NGL,ERJ,FL,,ATXS,CFR,CRNT,MMV,,
RETO,NGS,ESLT,FLL,,AUGX,CFSB,CRSR,MOBQ,,
RGLD,NINE,ETN,FLXS,,AUPH,CG,CRUS,MOMO,,
RIO,NOA,EVEX,FND,,AURA,CGBD,CRWD,MOXC,,
ROC,NOG,EVTL,FNKO,,AUTL,CHCO,CSCO,MSGE,,
RPM,NOV,EXPD,FORD,,AVAH,CHMG,CSIQ,MSGM,,
RS,NR,EXPO,FOSL,,AVDL,CHMI,CSPI,MSGS,,
RYAM,NRP,FA,FRGI,,AVGR,CIA,CTG,MTCH,,
RYI,NRT,FAST,FRZA,,AVIR,CIB,CTS,MYPS,,
SA,NS,FBIN,FSR,,AVNS,CIM,CTSH,NCMI,,
SAND,NVGS,FC,FTCH,,AVRO,CINF,CVLT,NCTY,,
SBSW,NXE,FCEL,FTDR,,AVTE,CION,CVT,NFLX,,
SCCO,OII,FCN,FUN,,AVTR,CIVB,CWAN,NFTG,,
SCHN,OIS,FDX,FUV,,AVTX,CIZN,CXAI,NTES,,
SCL,OKE,FERG,FWRG,,AVXL,CLBK,CXDO,NWS,,
SGML,OPAL,FGI,FXLV,,AWH,CLST,CXM,NWSA,,
SHW,OSG,FIX,GAN,,AXDX,CM,CYBR,NXPL,,
SID,OVV,FLNC,GBTG,,AXGN,CMA,CYN,NXST,,
SIRE,OXY,FLR,GCO,,AXLA,CME,CYXT,NXTP,,
SKE,PAA,FLUX,GCT,,AXNX,CMTG,DAIO,NYT,,
SLVM,PAGP,FORR,GDEN,,AXSM,CNA,DAKT,OB,,
SMG,PARR,FREY,GEHI,,AYTU,CNFR,DATS,OCG,,
SMID,PBA,FRGT,GENI,,AZN,CNO,DAVA,OMC,,
SQM,PBF,FTAI,GES,,AZTA,CNOB,DAVE,ONFO,,
SSL,PBR,FTCI,GGR,,AZYO,CNS,DBD,OOMA,,
SSRM,PBT,FTEK,GHC,,BACK,COF,DBX,ORAN,,
STLD,PDCE,FVRR,GHG,,BAX,COFS,DCBO,PALT,,
SUM,PDS,FWRD,GIII,,BBIO,COIN,DDOG,PARA,,
SUZ,PFIE,GATX,GIL,,BBLG,COLB,DELL,PARAA,,
SVFD,PHX,GD,GM,,BBLN,COOL,DGHI,PERI,,
SXC,PNRG,GDC,GMBL,,BCAB,CPF,DGII,PGRU,,
SXT,PR,GE,GME,,BCDA,CPSS,DGLY,PHI,,
TANH,PRT,GEO,GNLN,,BCEL,CS,DIOD,PINS,,
TECK,PSX,GFAI,GOEV,,BCLI,CSTR,DLB,PLTK,,
TFPM,PTEN,GFF,GOLF,,BCRX,CSWC,DMRC,PORT,,
TG,PUMP,GFL,GOOS,,BCTX,CTBI,DOCN,PUBM,,
TMC,PVL,GIC,GOTU,,BCYC,CUBI,DOCU,QNST,,
TMST,PXD,GLDD,GPC,,BDRX,CULL,DOMO,QUOT,,
TROX,RCON,GLG,GPI,,BDSX,CURO,DOX,RADI,,
TSE,RES,GMS,GPRO,,BDTX,CVBF,DSGX,RBLX,,
TX,REX,GNRC,GPS,,BDX,CVCY,DSP,RCI,,
UAN,RIG,GVA,GRBK,,BEAM,CVLY,DSWL,RDI,,
USAP,RNGR,GWAV,GRIL,,BEAT,CWBC,DT,ROKU,,
USAU,ROCC,GWH,GRMN,,BFLY,CZFS,DTSS,RSVR,,
USLM,ROSE,GWW,GRWG,,BFRG,CZNC,DTST,RUM,,
VALE,RRC,GXO,GSUN,,BFRI,CZWI,DUOT,SALM,,
VHI,SBOW,HAYW,GTIM,,BGNE,DB,DV,SATS,,
VMC,SBR,HCCI,H,,BGXX,DCOM,DXC,SBGI,,
VNTR,SD,HCSG,HAS,,BHC,DFIN,DZSI,SCHL,,
VOXR,SDRL,HDSN,HBB,,BHVN,DFS,EBIX,SCOR,,
VVV,SFL,HEES,HBI,,BIAF,DGICA,EBON,SCPL,,
WFG,SHEL,HEI,HCDI,,BIIB,DGICB,EGAN,SE,,
WLK,SJT,HII,HD,,BIMI,DHIL,EGHT,SEAT,,
WLKP,SLB,HLGN,HELE,,BIO,DX,EGIO,SGA,,
WOR,SLCA,HNI,HGV,,BIOC,EARN,ELSE,SGRP,,
WPM,SLNG,HON,HLT,,BIOL,EBC,ELTK,SHEN,,
X,SM,HQI,HMC,,BIOR,EBMT,EMBK,SIFY,,
ZEUS,SMHI,HRI,HOFT,,BIOS,EBTC,EMKR,SIRI,,
ZKIN,SMLP,HSC,HOFV,,BIVI,ECBK,ENFN,SJ,,
,SND,HSII,HOG,,BJDX,ECPG,ENV,SKLZ,,
,SOI,HSON,HOV,,BKD,EFC,EPAM,SKM,,
,STNG,HTOO,HRB,,BLCM,EFSC,ERIC,SLGG,,
,STR,HUBB,HTHT,,BLCO,EGBN,ESMT,SNAL,,
,SU,HUBG,HVT,,BLFS,EHTH,ESTC,SNAP,,
,SUN,HURN,IBP,,BLPH,EIG,ETWO,SOHU,,
,SWN,HWM,IGT,,BLRX,ENVA,EVBG,SOPA,,
,TALO,HXL,IHG,,BLTE,EQBK,EVCM,SPOK,,
,TDW,HYFM,INSE,,BLU,EQS,EVLV,SPOT,,
,TGS,ICFI,IRBT,,BLUE,ERIE,EXFY,SSP,,
,TK,IEP,ISPO,,BMEA,ESGR,EXTR,SST,,
,TNK,IESC,JACK,,BMRA,ESQ,FARO,SSTK,,
,TNP,IIIN,JAKK,,BMRN,ESSA,FCUV,STBX,,
,TOPS,ILAG,JILL,,BMY,EVR,FEIM,STGW,,
,TPL,INOD,JOUT,,BNGO,EWBC,FFIV,SURG,,
,TRGP,IPDN,JRSH,,BNOX,EZPW,FICO,SWAG,,
,TRMD,IPW,JXJT,,BNR,FAF,FIVN,SY,,
,TRP,IPWR,JZ,,BNTC,FANH,FKWL,T,,
,TS,ISSC,JZXN,,BNTX,FBIZ,FLEX,TBLA,,
,TTE,ISUN,KBH,,BOLT,FBK,FN,TC,,
,TTI,J,KIRK,,BPMC,FBMS,FORG,TDS,,
,TUSK,JAN,KMX,,BPTH,FBNC,FORTY,TEF,,
,TXO,JBI,KOSS,,BPTS,FBP,FROG,TEO,,
,UGP,JCI,KRUS,,BRKR,FBRT,FRSH,TGL,,
,UROY,JCTCF,KTB,,BRLI,FCAP,FSLR,TGNA,,
,USAC,JELD,KXIN,,BRTX,FCBC,FSLY,THRY,,
,USDP,KAMN,LAD,,BSGM,FCCO,FTNT,TIGO,,
,USEG,KAR,LAKE,,BSX,FCF,GDDY,TIMB,,
,VAL,KBAL,LANV,,BTAI,FCFS,GDS,TKC,,
,VET,KBR,LAUR,,BTCY,FCNCA,GDYN,TLK,,
,VGAS,KELYA,LAZY,,BTMD,FDBC,GEN,TME,,
,VIST,KELYB,LCID,,BTTX,FDS,GFS,TMUS,,
,VLO,KFRC,LCUT,,BVS,FDUS,GIB,TRIP,,
,VNOM,KFY,LE,,BVXV,FFBC,GILT,TRKA,,
,VOC,KRT,LEG,,BWAY,FFIC,GLOB,TRMR,,
,VTLE,KSCP,LEGH,,BWV,FFIN,GLW,TRUE,,
,VTNR,KTOS,LEN,,BXRX,FFNW,GNSS,TRVG,,
,VTOL,KWE,LEVI,,BYSI,FFWM,GREE,TSAT,,
,VTS,LDOS,LGIH,,CABA,FG,GRRR,TSQ,,
,WDS,LHX,LI,,CADL,FGBI,GSIT,TTD,,
,WES,LICN,LINC,,CAH,FGF,GTLB,TTGT,,
,WFRD,LICY,LIND,,CALT,FHB,GVP,TTWO,,
,WHD,LII,LIVE,,CANO,FHI,GWRE,TU,,
,WMB,LILM,LKQ,,CAPR,FHN,HCKT,TV,,
,WTI,LLAP,LL,,CARA,FIBK,HCP,TZOO,,
,WTTR,LMB,LNW,,CARM,FINV,HEAR,UCL,,
,XOM,LMT,LOCO,,CASI,FINW,HIMX,UONE,,
,XPRO,LNN,LOPE,,CBAY,FISI,HIVE,UONEK,,
,YPF,LQDT,LOVE,,CBIO,FITB,HKD,USM,,
,,LUNR,LOW,,CCCC,FLIC,HLIT,VEON,,
,,LYTS,LRN,,CCLD,FMAO,HOLI,VIV,,
,,LZ,LSEA,,CCM,FMBH,HOLO,VMEO,,
,,MAN,LTH,,CCRN,FMNB,HPE,VOD,,
,,MAS,LTRY,,CDIO,FNB,HPQ,VS,,
,,MATW,LULU,,CDMO,FNCB,HTCR,VTEX,,
,,MAXR,LVLU,,CDNA,FNF,HUBS,VZ,,
,,MBC,LVS,,CDTX,FNLC,HUT,WB,,
,,MDU,LVWR,,CDXC,FNWB,IBM,WBD,,
,,MEG,LXEH,,CDXS,FNWD,ICG,WEJO,,
,,MG,LZB,,CELC,FOCS,IDAI,WIMI,,
,,MGRC,MAR,,CELL,FRAF,IDBA,WLY,,
,,MKUL,MAT,,CELU,FRBA,IDCC,WLYB,,
,,MLKN,MBUU,,CELZ,FRBK,IDN,WMG,,
,,MMM,MCD,,CEMI,FRC,IFBD,WOW,,
,,MNTS,MCFT,,CERE,FRGE,III,WPP,,
,,MRC,MCRI,,CERS,FRHC,IMMR,WWE,,
,,MRCY,MCW,,CERT,FRME,IMOS,YALA,,
,,MSA,MDC,,CFMS,FRST,IMTE,YELP,,
,,MSM,METX,,CFRX,FSBC,INDI,YVR,,
,,MTRX,MGM,,CGC,FSBW,INFA,YY,,
,,MTZ,MGOL,,CGEM,FSEA,INFN,ZD,,
,,MYNA,MHK,,CGEN,FSFG,INFY,ZH,,
,,MYRG,MHO,,CGTX,FSK,INPX,ZI,,
,,NCRA,MICS,,CHE,FULT,INSG,ZIP,,
,,NEOV,MLCO,,CHEK,FUNC,INST,,,
,,NL,MMYT,,CHRS,FUSB,INTA,,,
,,NOC,MNRO,,CI,FUTU,INTC,,,
,,NOTE,MODG,,CING,FVCB,INTU,,,
,,NPK,MOND,,CKPT,FXNC,INTZ,,,
,,NRGV,MOV,,CLDX,GABC,INVE,,,
,,NSP,MPX,,CLGN,GAIN,INVZ,,,
,,NVEE,MRM,,CLLS,GBCI,IONQ,,,
,,NVT,MSC,,CLNN,GBDC,IOT,,,
,,NVVE,MTH,,CLOV,GBLI,IPGP,,,
,,NWPX,MTN,,CLPT,GBNY,IREN,,,
,,NX,MULN,,CLRB,GCBC,IRNT,,,
,,NXT,MUSA,,CLSD,GCMG,IT,,,
,,OC,MYTE,,CLVR,GDOT,ITI,,,
,,OESX,NAAS,,CLXT,GECC,ITRI,,,
,,OIG,NATH,,CMAX,GGAL,ITRN,,,
,,OMAB,NCLH,,CMMB,GHL,IVAC,,,
,,OMEX,NDLS,,CMND,GL,IVDA,,,
,,OPXS,NEGG,,CMPS,GLAD,IZM,,,
,,ORN,NEPH,,CMPX,GLBZ,JAMF,,,
,,PAC,NETC,,CMRA,GLRE,JBL,,,
,,PAYX,NGMS,,CMRX,GNTY,JG,,,
,,PBI,NIO,,CNC,GNW,JKS,,,
,,PEGY,NIU,,CNGL,GOCO,JNPR,,,
,,PESI,NKE,,CNMD,GPMT,KARO,,,
,,PFMT,NLS,,CNSP,GRNQ,KC,,,
,,PGTI,NRDY,,CNTA,GROW,KD,,,
,,PIXY,NTZ,,CNTB,GS,KE,,,
,,PKE,NVFY,,CNTG,GSBC,KERN,,,
,,PL,NVR,,CNTX,GSBD,KEYS,,,
,,PLPC,NWL,,COCP,GSHD,KLR,,,
,,PLUG,NWTN,,CODX,HAFC,KLTR,,,
,,POLA,ONEW,,COEP,HALL,KN,,,
,,POWL,ONON,,COGT,HASI,KODK,,,
,,PPSI,ORLY,,COLL,HBAN,KOPN,,,
,,PRIM,OSTK,,CONX,HBCP,KSPN,,,
,,PSN,OSW,,COO,HBNC,KTCC,,,
,,PWR,OXM,,CORT,HBT,KVHI,,,
,,PYR,PAG,,COSM,HCI,LASR,,,
,,QH,PBPB,,COYA,HDB,LAW,,,
,,QRHC,PENN,,CPIX,HFBL,LCFY,,,
,,QTEK,PET,,CPRX,HFWA,LEDS,,,
,,QUAD,PEV,,CPSI,HGBL,LFUS,,,
,,RAYA,PHM,,CRBP,HGTY,LIDR,,,
,,RBA,PII,,CRBU,HIFS,LITE,,,
,,RCMT,PIK,,CRDF,HIG,LOGI,,,
,,RCRT,PLAY,,CRDL,HIPO,LPL,,,
,,RDVT,PLBY,,CRIS,HLI,LPSN,,,
,,RDW,PLCE,,CRL,HLNE,LPTH,,,
,,RELX,PLNT,,CRMD,HMN,LSCC,,,
,,REZI,PLYA,,CRNX,HMNF,LSPD,,,
,,RGP,POOL,,CRON,HMST,LTCH,,,
,,RHI,POWW,,CRSP,HNNA,LTRX,,,
,,RKLB,PRDO,,CRVL,HNVR,LUNA,,,
,,ROAD,PRPL,,CRVS,HOMB,LVOX,,,
,,ROCK,PRTS,,CSBR,HONE,LWLG,,,
,,ROK,PSNY,,CSII,HOOD,MANH,,,
,,ROL,PSO,,CSTL,HOPE,MAPS,,,
,,RRX,PTLO,,CTIC,HRTG,MARA,,,
,,RSG,PTON,,CTKB,HRZN,MARK,,,
,,RTO,PVH,,CTLT,HSBC,MASS,,,
,,RTX,PZZA,,CTMX,HTBI,MAXN,,,
,,RUN,QSG,,CTSO,HTBK,MCHP,,,
,,RUSHA,QSR,,CTXR,HTGC,MCLD,,,
,,RUSHB,RACE,,CUE,HTH,MDB,,,
,,SAIC,RAVE,,CUTR,HTLF,MEI,,,
,,SATL,RCKY,,CVAC,HUIZ,MFH,,,
,,SCS,RCL,,CVKD,HVBC,MGIC,,,
,,SCWO,REAL,,CVRX,HWBK,MIGI,,,
,,SES,RERE,,CVS,HWC,MINM,,,
,,SFWL,RGR,,CWBR,HYW,MIR,,,
,,SGBX,RGS,,CYAD,IBCP,MITK,,,
,,SGLY,RH,,CYCC,IBKR,MIXT,,,
,,SHLS,RICK,,CYCN,IBN,MLGO,,,
,,SHPW,RIDE,,CYH,IBOC,MLNK,,,
,,SIDU,RIVN,,CYRX,IBTX,MMAT,,,
,,SITE,RL,,CYT,ICCH,MNDO,,,
,,SKIL,RMBL,,CYTH,ICE,MNDY,,,
,,SKYX,ROST,,CYTK,ICMB,MNTV,,,
,,SMR,ROVR,,CYTO,IFS,MOB,,,
,,SNTG,RRGB,,DARE,IGIC,MODN,,,
,,SOL,RRR,,DAWN,INBK,MOVE,,,
,,SOS,RSI,,DBTX,INDB,MPWR,,,
,,SP,RUTH,,DBVT,ING,MRAM,,,
,,SPCE,RVLV,,DCGO,INTR,MRDB,,,
,,SPIR,SABR,,DCPH,IROQ,MRIN,,,
,,SPLP,SAH,,DCTH,ISTR,MRVL,,,
,,SPR,SBET,,DERM,ITCB,MSFT,,,
,,SPWR,SBUX,,DFFN,ITIC,MSI,,,
,,SRCL,SCI,,DGX,ITUB,MSTR,,,
,,SSD,SCVL,,DH,IVR,MTC,,,
,,ST,SEAS,,DHR,IVZ,MTEK,,,
,,STAF,SEV,,DICE,JEF,MTLS,,,
,,STEM,SFIX,,DMAC,JFIN,MTSI,,,
,,STER,SFT,,DMTK,JHG,MTTR,,,
,,STN,SG,,DNLI,JMSB,MU,,,
,,STRL,SGC,,DOCS,JPM,MVIS,,,
,,SUNW,SGHC,,DOMH,JRVR,MVLA,,,
,,TATT,SHAK,,DRIO,JT,MX,,,
,,TBI,SHCO,,DRMA,KB,MXL,,,
,,TDG,SHOO,,DRRX,KEY,MYSZ,,,
,,TGH,SIX,,DRTS,KFFB,NABL,,,
,,TGI,SKX,,DRUG,KFS,NATI,,,
,,TGLS,SKY,,DSGN,KINS,NCNO,,,
,,THR,SLNA,,DTIL,KKR,NCR,,,
,,TILE,SNBR,,DVA,KMPR,NEON,,,
,,TISI,SNPO,,DVAX,KNSL,NET,,,
,,TITN,SOLO,,DXCM,KPLT,NEWR,,,
,,TNET,SOND,,DXR,KREF,NICE,,,
,,TOMZ,SONO,,DYAI,KRNY,NISN,,,
,,TPC,SONY,,DYN,L,NN,,,
,,TPIC,SRAD,,DYNT,LADR,NNDM,,,
,,TREX,STG,,EAR,LARK,NOK,,,
,,TRI,STKS,,EBS,LAZ,NOVT,,,
,,TRNS,STLA,,ECOR,LBAI,NOW,,,
,,TRTN,STRA,,EDAP,LBBB,NSIT,,,
,,TRU,SWBI,,EDIT,LBC,NSSC,,,
,,TT,SWIM,,EDSA,LC,NSYS,,,
,,TTC,TA,,EFTR,LCNB,NTAP,,,
,,TTEK,TAL,,EGRX,LFT,NTCT,,,
,,TWI,TAST,,EHAB,LGHL,NTGR,,,
,,TXT,TBLT,,EHC,LKFN,NTNX,,,
,,UFPI,TCOM,,EIGR,LMND,NTWK,,,
,,UGRO,TDUP,,EKSO,LMST,NVDA,,,
,,ULBI,TEDU,,ELAN,LNC,NVEC,,,
,,UNF,TH,,ELDN,LNKB,NVTS,,,
,,UNVR,THCH,,ELEV,LOAN,NVX,,,
,,UPS,THO,,ELOX,LOB,NXPI,,,
,,UPWK,TJX,,ELV,LPLA,NYAX,,,
,,URI,TLF,,ELVN,LPRO,OBLG,,,
,,VATE,TLYS,,ELYM,LRFC,OCC,,,
,,VICR,TM,,EMBC,LSBK,OCFT,,,
,,VIEW,TMHC,,ENLV,LU,OKTA,,,
,,VINO,TNL,,ENOB,LX,OLED,,,
,,VIRC,TOL,,ENOV,LYG,OLO,,,
,,VIVK,TOUR,,ENSC,MAIN,OMQS,,,
,,VMI,TPH,,ENSG,MATH,ON,,,
,,VRSK,TPR,,ENTA,MBCN,ONDS,,,
,,VRT,TPX,,ENTX,MBI,ONTF,,,
,,VRTV,TSLA,,ENVB,MBWM,OPRA,,,
,,VSEC,TTSH,,ENZ,MC,ORCL,,,
,,VTSI,TUP,,EOLS,MCB,OSIS,,,
,,VVI,TWOU,,EPIX,MCBC,OSPN,,,
,,VVX,TXRH,,EQ,MCBS,OSS,,,
,,WATT,UA,,EQRX,MCO,OST,,,
,,WBX,UAA,,ERAS,MCY,OTEX,,,
,,WCC,UDMY,,ERNA,MDWT,OTMO,,,
,,WCN,UEIC,,ERYP,MEGL,OUST,,,
,,WFCF,UFI,,ESPR,MET,PANW,,,
,,WHLM,UPBD,,ESTA,MFA,PAR,,,
,,WIRE,URBN,,ETAO,MFC,PATH,,,
,,WLDN,UTI,,ETNB,MFG,PAYC,,,
,,WLFC,UXIN,,ETON,MFIC,PBTS,,,
,,WM,VAC,,EUDA,MFIN,PCOR,,,
,,WMS,VCSA,,EVAX,MGYR,PCTI,,,
,,WSC,VEDU,,EVGN,MHLD,PCTY,,,
,,WSO,VEEE,,EVH,MITT,PCYG,,,
,,WWD,VFC,,EVLO,MKL,PD,,,
,,XMTR,VIOT,,EVO,MKTW,PEGA,,,
,,XPON,VLCN,,EVOK,MKTX,PERF,,,
,,ZTO,VMAR,,EW,ML,PFSW,,,
,,ZWS,VNCE,,EWTX,MLVF,PGY,,,
,,,VOXX,,EXAI,MMC,PHUN,,,
,,,VRA,,EXAS,MNSB,PI,,,
,,,VRM,,EXEL,MOFG,PLTR,,,
,,,VSCO,,EYEN,MOGO,PLUS,,,
,,,VSTA,,EYPT,MORN,PLXS,,,
,,,VSTO,,FATE,MPB,PMTS,,,
,,,VTRU,,FBIO,MRAI,POET,,,
,,,VUZI,,FBRX,MRBK,POWI,,,
,,,VZIO,,FDMT,MRCC,PRCH,,,
,,,W,,FEMY,MS,PRFT,,,
,,,WAFU,,FENC,MSBI,PRGS,,,
,,,WEN,,FGEN,MSCI,PRO,,,
,,,WEYS,,FHTX,MSVB,PRSO,,,
,,,WGO,,FIGS,MTB,PRST,,,
,,,WH,,FIXX,MUFG,PSTG,,,
,,,WHR,,FLGT,MVBF,PTC,,,
,,,WING,,FMS,MYFW,PWFL,,,
,,,WKHS,,FNA,NAVI,PWSC,,,
,,,WSM,,FNCH,NBHC,PXLW,,,
,,,WW,,FOLD,NBN,PYCR,,,
,,,WWW,,FONR,NBTB,QBTS,,,
,,,WYNN,,FREQ,NCPL,QCOM,,,
,,,XELB,,FRLN,NDAQ,QLYS,,,
,,,XPEV,,FRTX,NECB,QMCO,,,
,,,XPOF,,FULC,NEWT,QRVO,,,
,,,XWEL,,FUSN,NFBK,QTWO,,,
,,,YETI,,FWBI,NIC,QUBT,,,
,,,YOSH,,GALT,NICK,QUIK,,,
,,,YQ,,GANX,NKSH,RAAS,,,
,,,YTRA,,GBIO,NLY,RAMP,,,
,,,YUM,,GBNH,NMFC,RBBN,,,
,,,YUMC,,GCTK,NMR,RBT,,,
,,,ZCMD,,GDRX,NNI,RCAT,,,
,,,ZGN,,GEG,NOAH,RDCM,,,
,,,ZUMZ,,GEHC,NODK,RDWR,,,
,,,,,GENE,NRDS,REFR,,,
,,,,,GERN,NREF,REKR,,,
,,,,,GH,NRIM,RELL,,,
,,,,,GHRS,NSTS,RENN,,,
,,,,,GILD,NTB,RFIL,,,
,,,,,GKOS,NTRS,RGTI,,,
,,,,,GLMD,NU,RIOT,,,
,,,,,GLPG,NWBI,RMBS,,,
,,,,,GLSI,NWFL,RMNI,,,
,,,,,GLTO,NWG,RNG,,,
,,,,,GLUE,NWLI,ROG,,,
,,,,,GLYC,NYCB,ROP,,,
,,,,,GMAB,NYMT,RPD,,,
,,,,,GMDA,OBNK,RSKD,,,
,,,,,GMED,OBT,RSSS,,,
,,,,,GMVD,OCCI,RTC,,,
,,,,,GNFT,OCFC,RVSN,,,
,,,,,GNLX,OCSL,RXT,,,
,,,,,GNPX,OFED,S,,,
,,,,,GNTA,OFG,SAI,,,
,,,,,GOSS,OFS,SANG,,,
,,,,,GOVX,OMF,SANM,,,
,,,,,GPCR,ONB,SAP,,,
,,,,,GRCL,OPBK,SASI,,,
,,,,,GRFS,OPFI,SBIG,,,
,,,,,GRNA,OPHC,SCKT,,,
,,,,,GRPH,OPOF,SCSC,,,
,,,,,GRTS,OPRT,SCWX,,,
,,,,,GRTX,OPY,SDIG,,,
,,,,,GSK,ORC,SEAC,,,
,,,,,GTBP,ORCC,SEMR,,,
,,,,,GTH,ORI,SGH,,,
,,,,,GTHX,ORRF,SGMA,,,
,,,,,HAE,OSBC,SHOP,,,
,,,,,HALO,OSCR,SILC,,,
,,,,,HARP,OVBC,SIMO,,,
,,,,,HBIO,OVLY,SITM,,,
,,,,,HCA,OWL,SKYT,,,
,,,,,HCAT,OXBR,SLAB,,,
,,,,,HCM,OXSQ,SLNH,,,
,,,,,HCTI,OZK,SMAR,,,
,,,,,HCWB,PACW,SMCI,,,
,,,,,HEPA,PAX,SMRT,,,
,,,,,HEXO,PB,SMSI,,,
,,,,,HGEN,PBBK,SMTC,,,
,,,,,HILS,PBFS,SMWB,,,
,,,,,HIMS,PBHC,SMX,,,
,,,,,HITI,PCB,SNCR,,,
,,,,,HLTH,PDLB,SNOW,,,
,,,,,HLVX,PEBK,SNPS,,,
,,,,,HOLX,PEBO,SNT,,,
,,,,,HOOK,PFBC,SNX,,,
,,,,,HOTH,PFC,SOBR,,,
,,,,,HOWL,PFG,SOFO,,,
,,,,,HQY,PFIS,SONM,,,
,,,,,HRMY,PFLT,SOTK,,,
,,,,,HROW,PFS,SOUN,,,
,,,,,HRTX,PFX,SPCB,,,
,,,,,HSCS,PGC,SPI,,,
,,,,,HSDT,PGR,SPLK,,,
,,,,,HSIC,PIPR,SPNS,,,
,,,,,HSKA,PJT,SPSC,,,
,,,,,HSTM,PKBK,SPT,,,
,,,,,HSTO,PLBC,SQNS,,,
,,,,,HTGM,PLMR,SQSP,,,
,,,,,HUGE,PMT,SSNT,,,
,,,,,HUM,PNBK,SSTI,,,
,,,,,HUMA,PNC,SSYS,,,
,,,,,HYPR,PNFP,STIX,,,
,,,,,HZNP,PNNT,STM,,,
,,,,,IART,PPBI,STX,,,
,,,,,IBRX,PRA,SUMO,,,
,,,,,ICAD,PRAA,SVRE,,,
,,,,,ICCC,PRG,SWI,,,
,,,,,ICCM,PRI,SWKS,,,
,,,,,ICLR,PROV,SYNA,,,
,,,,,ICPT,PRU,SYTA,,,
,,,,,ICU,PSEC,TACT,,,
,,,,,ICUI,PT,TAIT,,,
,,,,,ICVX,PTMN,TAOP,,,
,,,,,IDXX,PTRS,TCX,,,
,,,,,IDYA,PUK,TDC,,,
,,,,,IFRX,PUYI,TDY,,,
,,,,,IGMS,PVBC,TEAM,,,
,,,,,IINN,PWOD,TEL,,,
,,,,,IKNA,PWP,TENB,,,
,,,,,IKT,PX,TESS,,,
,,,,,ILMN,QCRH,TGAN,,,
,,,,,IMAB,QD,TIO,,,
,,,,,IMCC,QFIN,TLS,,,
,,,,,IMCR,RAND,TMPO,,,
,,,,,IMGN,RBB,TRMB,,,
,,,,,IMMP,RBCAA,TROO,,,
,,,,,IMMX,RBKB,TSEM,,,
,,,,,IMNM,RC,TSM,,,
,,,,,IMNN,RE,TSRI,,,
,,,,,IMPL,REFI,TTMI,,,
,,,,,IMRN,RF,TUYA,,,
,,,,,IMRX,RGA,TWKS,,,
,,,,,IMTX,RILY,TWLO,,,
,,,,,IMUX,RITM,TXN,,,
,,,,,IMV,RJF,TYL,,,
,,,,,IMVT,RLI,U,,,
,,,,,INAB,RM,UI,,,
,,,,,INBS,RMBI,UIS,,,
,,,,,INBX,RNR,UMC,,,
,,,,,INCR,RNST,UPLD,,,
,,,,,INCY,ROOT,UTME,,,
,,,,,INDP,RRBI,UTSI,,,
,,,,,INFI,RVSB,VERB,,,
,,,,,INGN,RWAY,VERI,,,
,,,,,INKT,RWT,VERX,,,
,,,,,INM,RY,VHC,,,
,,,,,INMB,RYAN,VIAO,,,
,,,,,INMD,SAFT,VIAV,,,
,,,,,INNV,SAL,VISL,,,
,,,,,INO,SAMG,VLN,,,
,,,,,INSM,SAN,VMW,,,
,,,,,INSP,SAR,VNET,,,
,,,,,INVA,SASR,VNT,,,
,,,,,INVO,SBCF,VPG,,,
,,,,,INZY,SBFG,VQS,,,
,,,,,IOBT,SBSI,VRAR,,,
,,,,,IONM,SBT,VRME,,,
,,,,,IONS,SCHW,VRNS,,,
,,,,,IOVA,SCM,VRNT,,,
,,,,,IPA,SCU,VRSN,,,
,,,,,IPHA,SEIC,VSAT,,,
,,,,,IPSC,SF,VSH,,,
,,,,,IQV,SFBC,WAVD,,,
,,,,,IRIX,SFBS,WDAY,,,
,,,,,IRMD,SFE,WDC,,,
,,,,,IRON,SFNC,WEAV,,,
,,,,,IRTC,SFST,WETG,,,
,,,,,IRWD,SHBI,WISA,,,
,,,,,ISEE,SHG,WIT,,,
,,,,,ISPC,SI,WIX,,,
,,,,,ISRG,SIEB,WK,,,
,,,,,ITCI,SIGI,WKEY,,,
,,,,,ITGR,SII,WKME,,,
,,,,,ITOS,SKWD,WLDS,,,
,,,,,ITRM,SLF,WOLF,,,
,,,,,IVA,SLM,WRAP,,,
,,,,,IVVD,SLQT,WULF,,,
,,,,,IXHL,SLRC,XM,,,
,,,,,JAGX,SMBC,XNET,,,
,,,,,JANX,SMBK,XPER,,,
,,,,,JAZZ,SMFG,XRX,,,
,,,,,JNCE,SMMF,YEXT,,,
,,,,,JNJ,SNEX,YOU,,,
,,,,,JSPR,SNV,ZBRA,,,
,,,,,JYNT,SOFI,ZENV,,,
,,,,,KA,SPFI,ZEPP,,,
,,,,,KALA,SPGI,ZETA,,,
,,,,,KALV,SPNT,ZFOX,,,
,,,,,KDNY,SRCE,ZM,,,
,,,,,KEQU,SRL,ZS,,,
,,,,,KIDS,SSB,ZUO,,,
,,,,,KMDA,SSBI,,,,
,,,,,KNSA,SSBK,,,,
,,,,,KNTE,SSIC,,,,
,,,,,KOD,SSSS,,,,
,,,,,KPRX,STBA,,,,
,,,,,KPTI,STC,,,,
,,,,,KRBP,STEL,,,,
,,,,,KRMD,STEP,,,,
,,,,,KRON,STT,,,,
,,,,,KROS,STWD,,,,
,,,,,KRTX,SUNL,,,,
,,,,,KRYS,SUPV,,,,
,,,,,KTRA,SVVC,,,,
,,,,,KTTA,SYBT,,,,
,,,,,KURA,SYF,,,,
,,,,,KYMR,TBBK,,,,
,,,,,KZIA,TBNK,,,,
,,,,,KZR,TCBC,,,,
,,,,,LAB,TCBI,,,,
,,,,,LABP,TCBK,,,,
,,,,,LBPH,TCBS,,,,
,,,,,LEGN,TCBX,,,,
,,,,,LEXX,TCFC,,,,
,,,,,LFMD,TCPC,,,,
,,,,,LFST,TD,,,,
,,,,,LGMK,TFC,,,,
,,,,,LGND,TFIN,,,,
,,,,,LGVN,THFF,,,,
,,,,,LH,THG,,,,
,,,,,LIAN,TIG,,,,
,,,,,LIFE,TIGR,,,,
,,,,,LIFW,TIPT,,,,
,,,,,LIPO,TIRX,,,,
,,,,,LIVN,TOP,,,,
,,,,,LIXT,TOWN,,,,
,,,,,LLY,TPG,,,,
,,,,,LMAT,TPVG,,,,
,,,,,LMDX,TREE,,,,
,,,,,LMNL,TRIN,,,,
,,,,,LNSR,TRMK,,,,
,,,,,LNTH,TROW,,,,
,,,,,LPCN,TRST,,,,
,,,,,LPTX,TRTX,,,,
,,,,,LQDA,TRUP,,,,
,,,,,LRMR,TRV,,,,
,,,,,LSDI,TSBK,,,,
,,,,,LSTA,TSLX,,,,
,,,,,LTRN,TURN,,,,
,,,,,LUCD,TW,,,,
,,,,,LUCY,TWO,,,,
,,,,,LUMO,UBCP,,,,
,,,,,LUNG,UBFO,,,,
,,,,,LVTX,UBS,,,,
,,,,,LXRX,UBSI,,,,
,,,,,LYEL,UCBI,,,,
,,,,,LYRA,UFCS,,,,
,,,,,MACK,UIHC,,,,
,,,,,MASI,UMBF,,,,
,,,,,MBIO,UNAM,,,,
,,,,,MBOT,UNB,,,,
,,,,,MBRX,UNM,,,,
,,,,,MCK,UNTY,,,,
,,,,,MCRB,UPST,,,,
,,,,,MD,USB,,,,
,,,,,MDGL,USCB,,,,
,,,,,MDGS,UVE,,,,
,,,,,MDNA,UVSP,,,,
,,,,,MDRX,VABK,,,,
,,,,,MDT,VALU,,,,
,,,,,MDWD,VBFC,,,,
,,,,,MDXG,VBNK,,,,
,,,,,MDXH,VBTX,,,,
,,,,,ME,VCTR,,,,
,,,,,MEDP,VERY,,,,
,,,,,MEDS,VINP,,,,
,,,,,MEIP,VIRT,,,,
,,,,,MGNX,VLY,,,,
,,,,,MGTA,VRTS,,,,
,,,,,MGTX,WABC,,,,
,,,,,MHUA,WAFD,,,,
,,,,,MIRM,WAL,,,,
,,,,,MIRO,WASH,,,,
,,,,,MIST,WBS,,,,
,,,,,MLAB,WDH,,,,
,,,,,MLTX,WF,,,,
,,,,,MLYS,WFC,,,,
,,,,,MMSI,WHF,,,,
,,,,,MNKD,WHG,,,,
,,,,,MNMD,WMC,,,,
,,,,,MNOV,WMPN,,,,
,,,,,MNPR,WNEB,,,,
,,,,,MODD,WRB,,,,
,,,,,MODV,WRLD,,,,
,,,,,MOH,WSBC,,,,
,,,,,MOLN,WSFS,,,,
,,,,,MOR,WT,,,,
,,,,,MORF,WTBA,,,,
,,,,,MOTS,WTFC,,,,
,,,,,MPLN,WTM,,,,
,,,,,MREO,WTW,,,,
,,,,,MRK,XP,,,,
,,,,,MRKR,XYF,,,,
,,,,,MRNA,YRD,,,,
,,,,,MRNS,ZION,,,,
,,,,,MRSN,,,,,
,,,,,MRTX,,,,,
,,,,,MRUS,,,,,
,,,,,MRVI,,,,,
,,,,,MTD,,,,,
,,,,,MTEM,,,,,
,,,,,MXCT,,,,,
,,,,,MYGN,,,,,
,,,,,MYMD,,,,,
,,,,,MYNZ,,,,,
,,,,,NAMS,,,,,
,,,,,NAOV,,,,,
,,,,,NARI,,,,,
,,,,,NAUT,,,,,
,,,,,NBIX,,,,,
,,,,,NBRV,,,,,
,,,,,NBSE,,,,,
,,,,,NBTX,,,,,
,,,,,NCNA,,,,,
,,,,,NDRA,,,,,
,,,,,NEO,,,,,
,,,,,NEOG,,,,,
,,,,,NERV,,,,,
,,,,,NEXI,,,,,
,,,,,NGM,,,,,
,,,,,NH,,,,,
,,,,,NKTR,,,,,
,,,,,NKTX,,,,,
,,,,,NLSP,,,,,
,,,,,NLTX,,,,,
,,,,,NMRD,,,,,
,,,,,NMTC,,,,,
,,,,,NMTR,,,,,
,,,,,NNOX,,,,,
,,,,,NOTV,,,,,
,,,,,NOVN,,,,,
,,,,,NPCE,,,,,
,,,,,NRBO,,,,,
,,,,,NRC,,,,,
,,,,,NRIX,,,,,
,,,,,NRSN,,,,,
,,,,,NRXP,,,,,
,,,,,NSPR,,,,,
,,,,,NSTG,,,,,
,,,,,NTLA,,,,,
,,,,,NTRA,,,,,
,,,,,NTRB,,,,,
,,,,,NURO,,,,,
,,,,,NUTX,,,,,
,,,,,NUVA,,,,,
,,,,,NUVB,,,,,
,,,,,NUVL,,,,,
,,,,,NUWE,,,,,
,,,,,NVAX,,,,,
,,,,,NVCR,,,,,
,,,,,NVCT,,,,,
,,,,,NVIV,,,,,
,,,,,NVNO,,,,,
,,,,,NVO,,,,,
,,,,,NVOS,,,,,
,,,,,NVRO,,,,,
,,,,,NVS,,,,,
,,,,,NVST,,,,,
,,,,,NVTA,,,,,
,,,,,NXGL,,,,,
,,,,,NXGN,,,,,
,,,,,NXL,,,,,
,,,,,NXTC,,,,,
,,,,,NYMX,,,,,
,,,,,NYXH,,,,,
,,,,,OABI,,,,,
,,,,,OBIO,,,,,
,,,,,OCGN,,,,,
,,,,,OCS,,,,,
,,,,,OCUL,,,,,
,,,,,OCUP,,,,,
,,,,,OCX,,,,,
,,,,,OFIX,,,,,
,,,,,OGI,,,,,
,,,,,OGN,,,,,
,,,,,OKYO,,,,,
,,,,,OLK,,,,,
,,,,,OLMA,,,,,
,,,,,OM,,,,,
,,,,,OMCL,,,,,
,,,,,OMER,,,,,
,,,,,OMGA,,,,,
,,,,,OMI,,,,,
,,,,,OMIC,,,,,
,,,,,ONCR,,,,,
,,,,,ONCS,,,,,
,,,,,ONCT,,,,,
,,,,,ONCY,,,,,
,,,,,ONTX,,,,,
,,,,,ONVO,,,,,
,,,,,OPCH,,,,,
,,,,,OPGN,,,,,
,,,,,OPK,,,,,
,,,,,OPRX,,,,,
,,,,,OPT,,,,,
,,,,,OPTN,,,,,
,,,,,ORGO,,,,,
,,,,,ORGS,,,,,
,,,,,ORIC,,,,,
,,,,,ORMP,,,,,
,,,,,ORTX,,,,,
,,,,,OSA,,,,,
,,,,,OSH,,,,,
,,,,,OSUR,,,,,
,,,,,OTLK,,,,,
,,,,,OTRK,,,,,
,,,,,OVID,,,,,
,,,,,OWLT,,,,,
,,,,,PACB,,,,,
,,,,,PAHC,,,,,
,,,,,PALI,,,,,
,,,,,PASG,,,,,
,,,,,PAVM,,,,,
,,,,,PBH,,,,,
,,,,,PBLA,,,,,
,,,,,PBYI,,,,,
,,,,,PCRX,,,,,
,,,,,PCSA,,,,,
,,,,,PCVX,,,,,
,,,,,PDCO,,,,,
,,,,,PDEX,,,,,
,,,,,PDSB,,,,,
,,,,,PEN,,,,,
,,,,,PEPG,,,,,
,,,,,PETQ,,,,,
,,,,,PETV,,,,,
,,,,,PFE,,,,,
,,,,,PGEN,,,,,
,,,,,PGNY,,,,,
,,,,,PHAR,,,,,
,,,,,PHAT,,,,,
,,,,,PHG,,,,,
,,,,,PHIO,,,,,
,,,,,PHR,,,,,
,,,,,PHVS,,,,,
,,,,,PIII,,,,,
,,,,,PINC,,,,,
,,,,,PIRS,,,,,
,,,,,PKI,,,,,
,,,,,PLRX,,,,,
,,,,,PLSE,,,,,
,,,,,PLUR,,,,,
,,,,,PMCB,,,,,
,,,,,PMD,,,,,
,,,,,PMN,,,,,
,,,,,PMVP,,,,,
,,,,,PNT,,,,,
,,,,,PNTG,,,,,
,,,,,POAI,,,,,
,,,,,POCI,,,,,
,,,,,PODD,,,,,
,,,,,PPBT,,,,,
,,,,,PRAX,,,,,
,,,,,PRCT,,,,,
,,,,,PRDS,,,,,
,,,,,PRE,,,,,
,,,,,PRFX,,,,,
,,,,,PRGO,,,,,
,,,,,PRLD,,,,,
,,,,,PRME,,,,,
,,,,,PROC,,,,,
,,,,,PROF,,,,,
,,,,,PROK,,,,,
,,,,,PRPH,,,,,
,,,,,PRPO,,,,,
,,,,,PRQR,,,,,
,,,,,PRTA,,,,,
,,,,,PRTC,,,,,
,,,,,PRTG,,,,,
,,,,,PRTK,,,,,
,,,,,PRVA,,,,,
,,,,,PRVB,,,,,
,,,,,PSNL,,,,,
,,,,,PSTV,,,,,
,,,,,PSTX,,,,,
,,,,,PTCT,,,,,
,,,,,PTE,,,,,
,,,,,PTGX,,,,,
,,,,,PTIX,,,,,
,,,,,PTPI,,,,,
,,,,,PULM,,,,,
,,,,,PXMD,,,,,
,,,,,PYPD,,,,,
,,,,,PYXS,,,,,
,,,,,QDEL,,,,,
,,,,,QGEN,,,,,
,,,,,QIPT,,,,,
,,,,,QLGN,,,,,
,,,,,QLI,,,,,
,,,,,QNCX,,,,,
,,,,,QNRX,,,,,
,,,,,QSI,,,,,
,,,,,QTRX,,,,,
,,,,,QURE,,,,,
,,,,,RAIN,,,,,
,,,,,RANI,,,,,
,,,,,RAPT,,,,,
,,,,,RARE,,,,,
,,,,,RBOT,,,,,
,,,,,RCEL,,,,,
,,,,,RCKT,,,,,
,,,,,RCM,,,,,
,,,,,RCUS,,,,,
,,,,,RDHL,,,,,
,,,,,RDNT,,,,,
,,,,,RDY,,,,,
,,,,,REGN,,,,,
,,,,,REPL,,,,,
,,,,,RETA,,,,,
,,,,,REUN,,,,,
,,,,,REVB,,,,,
,,,,,RGC,,,,,
,,,,,RGEN,,,,,
,,,,,RGLS,,,,,
,,,,,RGNX,,,,,
,,,,,RIGL,,,,,
,,,,,RLAY,,,,,
,,,,,RLMD,,,,,
,,,,,RLYB,,,,,
,,,,,RMD,,,,,
,,,,,RMTI,,,,,
,,,,,RNA,,,,,
,,,,,RNAZ,,,,,
,,,,,RNLX,,,,,
,,,,,RNXT,,,,,
,,,,,ROIV,,,,,
,,,,,RPHM,,,,,
,,,,,RPID,,,,,
,,,,,RPRX,,,,,
,,,,,RPTX,,,,,
,,,,,RSLS,,,,,
,,,,,RVLP,,,,,
,,,,,RVMD,,,,,
,,,,,RVNC,,,,,
,,,,,RVPH,,,,,
,,,,,RWLK,,,,,
,,,,,RXDX,,,,,
,,,,,RXRX,,,,,
,,,,,RXST,,,,,
,,,,,RYTM,,,,,
,,,,,RZLT,,,,,
,,,,,SABS,,,,,
,,,,,SAGE,,,,,
,,,,,SANA,,,,,
,,,,,SAVA,,,,,
,,,,,SBFM,,,,,
,,,,,SCLX,,,,,
,,,,,SCPH,,,,,
,,,,,SCTL,,,,,
,,,,,SCYX,,,,,
,,,,,SDC,,,,,
,,,,,SDGR,,,,,
,,,,,SEEL,,,,,
,,,,,SEER,,,,,
,,,,,SELB,,,,,
,,,,,SEM,,,,,
,,,,,SERA,,,,,
,,,,,SGEN,,,,,
,,,,,SGHT,,,,,
,,,,,SGMO,,,,,
,,,,,SGRY,,,,,
,,,,,SGTX,,,,,
,,,,,SHC,,,,,
,,,,,SHCR,,,,,
,,,,,SHPH,,,,,
,,,,,SIBN,,,,,
,,,,,SIEN,,,,,
,,,,,SIGA,,,,,
,,,,,SILK,,,,,
,,,,,SILO,,,,,
,,,,,SINT,,,,,
,,,,,SLDB,,,,,
,,,,,SLGC,,,,,
,,,,,SLGL,,,,,
,,,,,SLN,,,,,
,,,,,SLNO,,,,,
,,,,,SLP,,,,,
,,,,,SLRX,,,,,
,,,,,SLS,,,,,
,,,,,SMLR,,,,,
,,,,,SMMT,,,,,
,,,,,SMTI,,,,,
,,,,,SNCE,,,,,
,,,,,SNDA,,,,,
,,,,,SNDL,,,,,
,,,,,SNDX,,,,,
,,,,,SNES,,,,,
,,,,,SNGX,,,,,
,,,,,SNN,,,,,
,,,,,SNOA,,,,,
,,,,,SNPX,,,,,
,,,,,SNSE,,,,,
,,,,,SNTI,,,,,
,,,,,SNY,,,,,
,,,,,SONN,,,,,
,,,,,SONX,,,,,
,,,,,SOPH,,,,,
,,,,,SPPI,,,,,
,,,,,SPRB,,,,,
,,,,,SPRC,,,,,
,,,,,SPRO,,,,,
,,,,,SPRY,,,,,
,,,,,SQL,,,,,
,,,,,SQZ,,,,,
,,,,,SRDX,,,,,
,,,,,SRGA,,,,,
,,,,,SRPT,,,,,
,,,,,SRRK,,,,,
,,,,,SRTS,,,,,
,,,,,SRZN,,,,,
,,,,,SSKN,,,,,
,,,,,STAA,,,,,
,,,,,STE,,,,,
,,,,,STIM,,,,,
,,,,,STOK,,,,,
,,,,,STRM,,,,,
,,,,,STRO,,,,,
,,,,,STRR,,,,,
,,,,,STSA,,,,,
,,,,,STSS,,,,,
,,,,,STTK,,,,,
,,,,,STVN,,,,,
,,,,,SUPN,,,,,
,,,,,SURF,,,,,
,,,,,SVRA,,,,,
,,,,,SWAV,,,,,
,,,,,SWTX,,,,,
,,,,,SXTC,,,,,
,,,,,SYBX,,,,,
,,,,,SYK,,,,,
,,,,,SYNH,,,,,
,,,,,SYRS,,,,,
,,,,,TAK,,,,,
,,,,,TALK,,,,,
,,,,,TALS,,,,,
,,,,,TARA,,,,,
,,,,,TARO,,,,,
,,,,,TARS,,,,,
,,,,,TBIO,,,,,
,,,,,TBPH,,,,,
,,,,,TCBP,,,,,
,,,,,TCMD,,,,,
,,,,,TCON,,,,,
,,,,,TCRR,,,,,
,,,,,TCRT,,,,,
,,,,,TCRX,,,,,
,,,,,TDOC,,,,,
,,,,,TECH,,,,,
,,,,,TELA,,,,,
,,,,,TENX,,,,,
,,,,,TERN,,,,,
,,,,,TEVA,,,,,
,,,,,TFFP,,,,,
,,,,,TFX,,,,,
,,,,,TGTX,,,,,
,,,,,THC,,,,,
,,,,,THMO,,,,,
,,,,,THRD,,,,,
,,,,,THRX,,,,,
,,,,,THTX,,,,,
,,,,,TIL,,,,,
,,,,,TIVC,,,,,
,,,,,TKNO,,,,,
,,,,,TLIS,,,,,
,,,,,TLRY,,,,,
,,,,,TLSA,,,,,
,,,,,TMCI,,,,,
,,,,,TMDX,,,,,
,,,,,TMO,,,,,
,,,,,TNDM,,,,,
,,,,,TNGX,,,,,
,,,,,TNON,,,,,
,,,,,TNXP,,,,,
,,,,,TNYA,,,,,
,,,,,TOI,,,,,
,,,,,TPST,,,,,
,,,,,TRDA,,,,,
,,,,,TRHC,,,,,
,,,,,TRIB,,,,,
,,,,,TRVI,,,,,
,,,,,TRVN,,,,,
,,,,,TSHA,,,,,
,,,,,TSVT,,,,,
,,,,,TTNP,,,,,
,,,,,TTOO,,,,,
,,,,,TVTX,,,,,
,,,,,TWST,,,,,
,,,,,TXG,,,,,
,,,,,TXMD,,,,,
,,,,,TYRA,,,,,
,,,,,UBX,,,,,
,,,,,UFPT,,,,,
,,,,,UHS,,,,,
,,,,,UNCY,,,,,
,,,,,UNH,,,,,
,,,,,UPC,,,,,
,,,,,UPH,,,,,
,,,,,URGN,,,,,
,,,,,USPH,,,,,
,,,,,UTHR,,,,,
,,,,,UTMD,,,,,
,,,,,UTRS,,,,,
,,,,,VACC,,,,,
,,,,,VALN,,,,,
,,,,,VANI,,,,,
,,,,,VAPO,,,,,
,,,,,VAXX,,,,,
,,,,,VBIV,,,,,
,,,,,VBLT,,,,,
,,,,,VCEL,,,,,
,,,,,VCNX,,,,,
,,,,,VCYT,,,,,
,,,,,VECT,,,,,
,,,,,VEEV,,,,,
,,,,,VERA,,,,,
,,,,,VERO,,,,,
,,,,,VERV,,,,,
,,,,,VIGL,,,,,
,,,,,VINC,,,,,
,,,,,VIR,,,,,
,,,,,VIRI,,,,,
,,,,,VIRX,,,,,
,,,,,VKTX,,,,,
,,,,,VLON,,,,,
,,,,,VMD,,,,,
,,,,,VNDA,,,,,
,,,,,VOR,,,,,
,,,,,VRAX,,,,,
,,,,,VRAY,,,,,
,,,,,VRCA,,,,,
,,,,,VRDN,,,,,
,,,,,VREX,,,,,
,,,,,VRNA,,,,,
,,,,,VRPX,,,,,
,,,,,VRTX,,,,,
,,,,,VSTM,,,,,
,,,,,VTGN,,,,,
,,,,,VTRS,,,,,
,,,,,VTVT,,,,,
,,,,,VTYX,,,,,
,,,,,VVOS,,,,,
,,,,,VXRT,,,,,
,,,,,VYGR,,,,,
,,,,,VYNE,,,,,
,,,,,VYNT,,,,,
,,,,,WAT,,,,,
,,,,,WGS,,,,,
,,,,,WINT,,,,,
,,,,,WORX,,,,,
,,,,,WST,,,,,
,,,,,WVE,,,,,
,,,,,XAIR,,,,,
,,,,,XBIO,,,,,
,,,,,XBIT,,,,,
,,,,,XCUR,,,,,
,,,,,XENE,,,,,
,,,,,XERS,,,,,
,,,,,XFOR,,,,,
,,,,,XGN,,,,,
,,,,,XLO,,,,,
,,,,,XNCR,,,,,
,,,,,XOMA,,,,,
,,,,,XRAY,,,,,
,,,,,XRTX,,,,,
,,,,,XTLB,,,,,
,,,,,YMAB,,,,,
,,,,,YS,,,,,
,,,,,YTEN,,,,,
,,,,,ZBH,,,,,
,,,,,ZIMV,,,,,
,,,,,ZJYL,,,,,
,,,,,ZLAB,,,,,
,,,,,ZNTL,,,,,
,,,,,ZTEK,,,,,
,,,,,ZTS,,,,,
,,,,,ZVRA,,,,,
,,,,,ZVSA,,,,,
,,,,,ZYME,,,,,
,,,,,ZYNE,,,,,
,,,,,ZYXI,,,,,
